<!-- Licensed to the Apache Software Foundation (ASF) under one or more contributor 
	license agreements. See the NOTICE file distributed with this work for additional 
	information regarding copyright ownership. The ASF licenses this file to 
	You under the Apache License, Version 2.0 (the "License"); you may not use 
	this file except in compliance with the License. You may obtain a copy of 
	the License at http://www.apache.org/licenses/LICENSE-2.0 Unless required 
	by applicable law or agreed to in writing, software distributed under the 
	License is distributed on an "AS IS" BASIS, WITHOUT WARRANTIES OR CONDITIONS 
	OF ANY KIND, either express or implied. See the License for the specific 
	language governing permissions and limitations under the License. -->
<!-- The contents of this file will be loaded for each web application -->
<Context>
	<!-- Default set of monitored resources. If one of these changes, the -->
	<!-- web application will be reloaded. -->
	<WatchedResource>WEB-INF/web.xml</WatchedResource>
	<WatchedResource>WEB-INF/tomcat-web.xml</WatchedResource>
	<WatchedResource>${catalina.base}/conf/web.xml</WatchedResource>
	<!-- Uncomment this to disable session persistence across Tomcat restarts -->
	<!-- <Manager pathname="" /> -->
	<Resource name="jdbc/libreria" auth="Container"
		type="javax.sql.DataSource" maxTotal="100" maxIdle="45"
		maxWaitMillis="10000" removeAbandonedOnBorrow="true"
		username="servletUser" password="Studium2019;"
		driverClassName="com.mysql.cj.jdbc.Driver"
		url="jdbc:mysql://localhost:3306/libreria" />
	<Resource name="jdbc/comprasprograma" auth="Container"
		type="javax.sql.DataSource" maxTotal="100" maxIdle="45"
		maxWaitMillis="10000" removeAbandonedOnBorrow="true"
		username="tiendaUser" password="Studium2024;"
		driverClassName="com.mysql.cj.jdbc.Driver"
		url="jdbc:mysql://localhost:3306/comprasprograma" />
	<Resource name="jdbc/curiosidades" auth="Container"
		type="javax.sql.DataSource" maxTotal="100" maxIdle="45"
		maxWaitMillis="10000" removeAbandonedOnBorrow="true"
		username="admincuriosidades" password="Studium2023;"
		driverClassName="com.mysql.cj.jdbc.Driver"
		url="jdbc:mysql://localhost:3306/curiosidades" />
</Context>